explanation,supporting,contradicting,missing_metadata,confidence,falsification_test
physical top-oil transient (single asset),"OTI/ATI correlated (r=0.940 canonical, exc. removed)","rise rates +11..+91 units/min >> normal-mode p99 0.33; no intermediate values in (54,236); no electrical disturbance visible; OTI_T implied trip did not de-energize LV",nameplate; oil mass; cooling class; sensor chain; OTI units,weak,obtain asset specs and show m_crit/power consistent; or find intermediate samples at higher-rate source data
measurement-chain anomaly (sensor/transmitter/conversion),"empty interval (54,236); step-and-return shape; WTI=0 throughout excursions; Energies overheat marker is 90 C-scale while excursions reach 250",no hardware metadata; channel id smooth otherwise (lag-1 ac 0.859),sensor type; transmitter range; scaling; error-code table,moderate (not established as root cause),provider documents error codes / transmitter range covering 236-250
telemetry/ingestion corruption (H2),"931 repeated-timestamp groups, synchronized across files, conflicts ~1 OTI unit / 0.4 V; repeats concentrated in Jun 2019 (448/931)","repeated records never contain high-OTI rows (0/47), so the excursions are not duplication artifacts",ingestion logs; REST API behavior (paper: live REST API feed),moderate for repeats; repeats do not explain excursions,provider confirms API retry semantics for repeated timestamps
multiple-asset mixing (H3) after device-ID removal,provider platform monitors 52 locations (Putchala Sec.4); export has no device ID,multiplicity ~1-4 on only 2.3-4.9% of timestamps (not a constant second stream); VL1 band unimodal; conflicts are near-identical values; all 5 files share one timestamp axis,device IDs; export query used to produce the Kaggle files,weak-to-moderate (cannot be excluded; diagnostics lean against within-file mixing),provider states export scope (one location vs many)
"multiple feeder measurements, one transformer (H4)",Energies system monitors per-feeder currents; paper describes feeder-level monitoring,"Kaggle has single VL/IL triple per timestamp, no feeder ID; TotalPower KW matches per-phase sum",feeder mapping,weak,provider documents channel-to-feeder mapping
device error code / status encoding at 236-250,integer quantization; empty interval; values cluster tightly 236-250; platform OTI>65 trip band (paper) is far below 236,no error-code table available; values vary smoothly within the band,firmware/error-code documentation,moderate as a candidate representation hypothesis (not established),error-code table from provider covering this range
export duplication (H2b),adjacent raw lines; synchronized across files; mostly identical values,"many groups conflict slightly (405/437 in CurrentVoltage), so not byte-duplication",export procedure,moderate for the repeats themselves,reproduce export and compare
timestamp/order corruption,irregular cadence (1-9 min intervals; 33.6-day gaps),rows are non-decreasing in time everywhere (no negative intervals); excursions have internally consistent local ordering,device clock discipline,weak for excursions (cadence irregularity confirmed but does not create the OTI steps),provider raw logs
unobserved short electrical event between samples,sampling is 15-min median with shorter gaps; any sub-interval transient could be missed,even a full 2-min immersion at the global max load cannot heat plausible oil mass by 182 units (physics_sensitivity.csv); event would also need to explain exact step-and-return symmetry,high-rate records; fault recorder data,cannot be excluded by sampled data (stated limitation),obtain sub-minute data around 2019-07-16..09-03 windows
