flag,timestamp,transition,interval_before_minutes,interval_after_minutes
OTI_A,2019-07-03 12:52:00,0->1,2.0,3.0
OTI_A,2019-07-04 11:50:00,1->0,4.0,5.0
OTI_A,2019-07-16 13:38:00,0->1,8.0,7.0
OTI_A,2019-07-16 14:15:00,1->0,15.0,15.0
OTI_A,2019-08-09 14:20:00,0->1,3.0,10.0
OTI_A,2019-08-09 14:45:00,1->0,15.0,15.0
OTI_A,2019-08-16 09:39:00,0->1,9.0,6.0
OTI_A,2019-08-16 10:30:00,1->0,15.0,15.0
OTI_A,2019-08-16 12:39:00,0->1,9.0,6.0
OTI_A,2019-08-16 15:00:00,1->0,5.0,15.0
OTI_A,2019-08-17 10:29:00,0->1,14.0,1.0
OTI_A,2019-08-17 12:21:00,1->0,36.0,9.0
OTI_A,2019-08-17 13:03:00,0->1,3.0,12.0
OTI_A,2019-08-17 14:15:00,1->0,15.0,15.0
OTI_A,2019-08-18 13:08:00,0->1,8.0,7.0
OTI_A,2019-08-18 13:45:00,1->0,15.0,15.0
OTI_A,2019-08-19 15:21:00,0->1,6.0,9.0
OTI_A,2019-08-19 16:15:00,1->0,15.0,15.0
OTI_A,2019-08-22 13:48:00,0->1,18.0,5.0
OTI_A,2019-08-22 15:15:00,1->0,45.0,15.0
OTI_A,2019-09-03 14:42:00,0->1,2.0,3.0
OTI_A,2019-09-03 15:08:00,1->0,8.0,7.0
OTI_T,2019-07-16 13:38:00,0->1,8.0,7.0
OTI_T,2019-07-16 14:15:00,1->0,15.0,15.0
OTI_T,2019-08-09 14:20:00,0->1,3.0,10.0
OTI_T,2019-08-09 14:45:00,1->0,15.0,15.0
OTI_T,2019-08-16 09:39:00,0->1,9.0,6.0
OTI_T,2019-08-16 10:30:00,1->0,15.0,15.0
OTI_T,2019-08-16 12:39:00,0->1,9.0,6.0
OTI_T,2019-08-16 15:00:00,1->0,5.0,15.0
OTI_T,2019-08-17 10:29:00,0->1,14.0,1.0
OTI_T,2019-08-17 12:21:00,1->0,36.0,9.0
OTI_T,2019-08-17 13:03:00,0->1,3.0,12.0
OTI_T,2019-08-17 14:15:00,1->0,15.0,15.0
OTI_T,2019-08-18 13:08:00,0->1,8.0,7.0
OTI_T,2019-08-18 13:45:00,1->0,15.0,15.0
OTI_T,2019-08-19 15:21:00,0->1,6.0,9.0
OTI_T,2019-08-19 16:15:00,1->0,15.0,15.0
OTI_T,2019-08-22 13:48:00,0->1,18.0,5.0
OTI_T,2019-08-22 15:15:00,1->0,45.0,15.0
OTI_T,2019-09-03 14:42:00,0->1,2.0,3.0
OTI_T,2019-09-03 15:08:00,1->0,8.0,7.0
MOG_A,2019-07-02 17:22:00,0->1,7.0,6.0
MOG_A,2019-07-02 17:28:00,1->0,6.0,8.0
MOG_A,2019-07-05 11:40:00,0->1,10.0,1.0
MOG_A,2019-07-05 11:41:00,1->0,1.0,2.0
MOG_A,2019-07-05 17:16:00,0->1,1.0,1.0
MOG_A,2019-07-05 17:17:00,1->0,1.0,13.0
MOG_A,2019-07-10 00:05:00,0->1,3.0,5026.0
MOG_A,2019-07-13 12:05:00,1->0,14.0,10.0
MOG_A,2019-07-13 12:28:00,0->1,13.0,2.0
MOG_A,2019-08-10 13:58:00,1->0,13.0,2.0
WTI,2020-01-17 21:30:00,0->1,15.0,15.0
WTI,2020-01-17 22:00:00,1->0,15.0,15.0
WTI,2020-01-17 22:15:00,0->1,15.0,15.0
WTI,2020-01-17 22:45:00,1->0,15.0,15.0
WTI,2020-01-17 23:15:00,0->1,15.0,15.0
WTI,2020-01-18 00:00:00,1->0,15.0,15.0
WTI,2020-01-18 02:30:00,0->1,15.0,15.0
WTI,2020-01-18 02:45:00,1->0,15.0,15.0
WTI,2020-01-18 03:00:00,0->1,15.0,15.0
WTI,2020-01-18 03:15:00,1->0,15.0,15.0
WTI,2020-01-18 03:30:00,0->1,15.0,15.0
WTI,2020-01-18 04:00:00,1->0,15.0,15.0
WTI,2020-01-18 04:15:00,0->1,15.0,15.0
WTI,2020-01-18 04:30:00,1->0,15.0,15.0
WTI,2020-01-18 04:45:00,0->1,15.0,15.0
WTI,2020-01-18 05:15:00,1->0,15.0,15.0
WTI,2020-01-18 05:30:00,0->1,15.0,15.0
WTI,2020-01-18 05:45:00,1->0,15.0,15.0
WTI,2020-01-18 06:00:00,0->1,15.0,15.0
WTI,2020-01-18 06:15:00,1->0,15.0,15.0
WTI,2020-01-18 06:30:00,0->1,15.0,15.0
WTI,2020-01-18 07:30:00,1->0,15.0,15.0
WTI,2020-01-18 07:45:00,0->1,15.0,15.0
WTI,2020-01-18 08:00:00,1->0,15.0,15.0
WTI,2020-01-18 21:15:00,0->1,15.0,15.0
WTI,2020-01-18 21:30:00,1->0,15.0,15.0
WTI,2020-01-18 22:30:00,0->1,15.0,15.0
WTI,2020-01-18 22:45:00,1->0,15.0,15.0
WTI,2020-01-18 23:15:00,0->1,15.0,15.0
WTI,2020-01-19 00:24:00,1->0,24.0,6.0
WTI,2020-01-19 01:15:00,0->1,15.0,15.0
WTI,2020-01-19 01:30:00,1->0,15.0,15.0
WTI,2020-01-19 03:15:00,0->1,15.0,15.0
WTI,2020-01-19 04:15:00,1->0,15.0,15.0
WTI,2020-01-19 04:30:00,0->1,15.0,15.0
WTI,2020-01-19 04:45:00,1->0,15.0,15.0
WTI,2020-01-19 05:45:00,0->1,15.0,15.0
WTI,2020-01-19 06:00:00,1->0,15.0,15.0
WTI,2020-01-19 06:15:00,0->1,15.0,15.0
WTI,2020-01-19 08:00:00,1->0,15.0,15.0
WTI,2020-01-19 08:30:00,0->1,15.0,15.0
WTI,2020-01-19 08:45:00,1->0,15.0,15.0
WTI,2020-01-19 18:00:00,0->1,15.0,15.0
WTI,2020-01-19 18:45:00,1->0,15.0,15.0
WTI,2020-01-19 19:00:00,0->1,15.0,15.0
WTI,2020-01-19 19:30:00,1->0,15.0,15.0
WTI,2020-01-19 19:45:00,0->1,15.0,15.0
WTI,2020-01-19 20:00:00,1->0,15.0,15.0
WTI,2020-01-19 20:30:00,0->1,15.0,15.0
WTI,2020-01-19 21:00:00,1->0,15.0,15.0
WTI,2020-01-19 21:15:00,0->1,15.0,15.0
WTI,2020-01-19 21:30:00,1->0,15.0,15.0
WTI,2020-01-19 21:45:00,0->1,15.0,15.0
WTI,2020-01-19 22:45:00,1->0,15.0,15.0
WTI,2020-01-19 23:00:00,0->1,15.0,15.0
WTI,2020-01-20 00:15:00,1->0,15.0,15.0
WTI,2020-01-20 00:30:00,0->1,15.0,15.0
WTI,2020-01-20 02:45:00,1->0,15.0,15.0
WTI,2020-01-20 03:00:00,0->1,15.0,15.0
WTI,2020-01-20 04:15:00,1->0,15.0,15.0
WTI,2020-01-20 04:30:00,0->1,15.0,15.0
WTI,2020-01-20 05:00:00,1->0,15.0,15.0
WTI,2020-01-20 05:15:00,0->1,15.0,15.0
WTI,2020-01-20 06:30:00,1->0,15.0,15.0
WTI,2020-01-20 06:45:00,0->1,15.0,15.0
WTI,2020-01-20 07:00:00,1->0,15.0,15.0
WTI,2020-01-20 07:15:00,0->1,15.0,15.0
WTI,2020-01-20 08:45:00,1->0,15.0,15.0
WTI,2020-01-20 09:00:00,0->1,15.0,15.0
WTI,2020-01-20 10:15:00,1->0,15.0,15.0
WTI,2020-01-20 10:30:00,0->1,15.0,15.0
WTI,2020-01-20 11:45:00,1->0,15.0,11.0
WTI,2020-01-20 19:00:00,0->1,15.0,15.0
WTI,2020-01-20 19:30:00,1->0,15.0,15.0
WTI,2020-01-20 19:45:00,0->1,15.0,15.0
WTI,2020-01-20 20:15:00,1->0,15.0,15.0
WTI,2020-01-20 20:45:00,0->1,15.0,15.0
WTI,2020-01-20 21:30:00,1->0,15.0,15.0
WTI,2020-01-20 21:45:00,0->1,15.0,15.0
WTI,2020-01-20 22:00:00,1->0,15.0,15.0
WTI,2020-01-20 22:15:00,0->1,15.0,15.0
WTI,2020-01-20 22:45:00,1->0,15.0,15.0
WTI,2020-01-20 23:15:00,0->1,15.0,15.0
WTI,2020-01-20 23:30:00,1->0,15.0,15.0
WTI,2020-01-20 23:45:00,0->1,15.0,15.0
WTI,2020-01-21 00:00:00,1->0,15.0,15.0
WTI,2020-01-21 00:15:00,0->1,15.0,15.0
WTI,2020-01-21 00:30:00,1->0,15.0,15.0
WTI,2020-01-21 00:45:00,0->1,15.0,15.0
WTI,2020-01-21 02:45:00,1->0,15.0,15.0
WTI,2020-01-21 03:00:00,0->1,15.0,15.0
WTI,2020-01-21 03:15:00,1->0,15.0,15.0
WTI,2020-01-21 03:30:00,0->1,15.0,15.0
WTI,2020-01-21 04:15:00,1->0,15.0,15.0
WTI,2020-01-21 04:30:00,0->1,15.0,15.0
WTI,2020-01-21 04:45:00,1->0,15.0,15.0
WTI,2020-01-21 05:00:00,0->1,15.0,15.0
WTI,2020-01-21 05:45:00,1->0,15.0,15.0
WTI,2020-01-21 06:15:00,0->1,15.0,15.0
WTI,2020-01-21 06:45:00,1->0,15.0,15.0
WTI,2020-01-21 07:00:00,0->1,15.0,15.0
WTI,2020-01-21 07:15:00,1->0,15.0,15.0
WTI,2020-01-21 07:30:00,0->1,15.0,15.0
WTI,2020-01-21 08:30:00,1->0,15.0,15.0
WTI,2020-01-21 09:00:00,0->1,15.0,15.0
WTI,2020-01-21 09:15:00,1->0,15.0,15.0
WTI,2020-01-21 18:45:00,0->1,15.0,15.0
WTI,2020-01-21 19:00:00,1->0,15.0,15.0
WTI,2020-01-21 19:30:00,0->1,15.0,15.0
WTI,2020-01-21 20:30:00,1->0,15.0,15.0
WTI,2020-01-21 20:45:00,0->1,15.0,15.0
WTI,2020-01-21 21:00:00,1->0,15.0,15.0
WTI,2020-01-21 21:15:00,0->1,15.0,15.0
WTI,2020-01-21 22:15:00,1->0,15.0,15.0
WTI,2020-01-21 22:30:00,0->1,15.0,15.0
WTI,2020-01-21 23:00:00,1->0,15.0,15.0
WTI,2020-01-21 23:30:00,0->1,15.0,15.0
WTI,2020-01-22 00:00:00,1->0,15.0,15.0
WTI,2020-01-22 00:15:00,0->1,15.0,15.0
WTI,2020-01-22 03:45:00,1->0,15.0,15.0
WTI,2020-01-22 04:00:00,0->1,15.0,15.0
WTI,2020-01-22 04:15:00,1->0,15.0,15.0
WTI,2020-01-22 04:30:00,0->1,15.0,15.0
WTI,2020-01-22 06:00:00,1->0,15.0,15.0
WTI,2020-01-22 06:15:00,0->1,15.0,15.0
WTI,2020-01-22 06:45:00,1->0,15.0,15.0
WTI,2020-01-22 07:00:00,0->1,15.0,15.0
WTI,2020-01-22 09:30:00,1->0,15.0,15.0
WTI,2020-01-22 18:30:00,0->1,15.0,15.0
WTI,2020-01-22 19:00:00,1->0,15.0,15.0
WTI,2020-01-22 19:15:00,0->1,15.0,15.0
WTI,2020-01-22 20:00:00,1->0,15.0,15.0
WTI,2020-01-22 20:15:00,0->1,15.0,15.0
WTI,2020-01-22 21:15:00,1->0,15.0,15.0
WTI,2020-01-22 21:45:00,0->1,15.0,15.0
WTI,2020-01-22 22:15:00,1->0,15.0,15.0
WTI,2020-01-22 22:30:00,0->1,15.0,15.0
WTI,2020-01-22 23:45:00,1->0,15.0,15.0
WTI,2020-01-23 00:00:00,0->1,15.0,15.0
WTI,2020-01-23 00:45:00,1->0,15.0,15.0
WTI,2020-01-23 01:00:00,0->1,15.0,15.0
WTI,2020-01-23 02:00:00,1->0,15.0,15.0
WTI,2020-01-23 02:15:00,0->1,15.0,15.0
WTI,2020-01-23 05:15:00,1->0,15.0,15.0
WTI,2020-01-23 05:30:00,0->1,15.0,15.0
WTI,2020-01-23 07:00:00,1->0,15.0,15.0
WTI,2020-01-23 07:15:00,0->1,15.0,15.0
WTI,2020-01-23 07:30:00,1->0,15.0,15.0
WTI,2020-01-23 07:45:00,0->1,15.0,15.0
WTI,2020-01-23 09:00:00,1->0,15.0,15.0
WTI,2020-01-23 09:15:00,0->1,15.0,15.0
WTI,2020-01-23 10:00:00,1->0,15.0,15.0
WTI,2020-01-23 18:15:00,0->1,15.0,15.0
WTI,2020-01-23 20:45:00,1->0,15.0,15.0
WTI,2020-01-23 21:15:00,0->1,15.0,15.0
WTI,2020-01-23 21:45:00,1->0,15.0,15.0
WTI,2020-01-23 22:00:00,0->1,15.0,15.0
WTI,2020-01-23 22:45:00,1->0,15.0,15.0
WTI,2020-01-23 23:15:00,0->1,15.0,15.0
WTI,2020-01-23 23:30:00,1->0,15.0,15.0
WTI,2020-01-23 23:45:00,0->1,15.0,15.0
WTI,2020-01-24 00:15:00,1->0,15.0,15.0
WTI,2020-01-24 01:00:00,0->1,15.0,15.0
WTI,2020-01-24 01:15:00,1->0,15.0,15.0
WTI,2020-01-24 01:30:00,0->1,15.0,15.0
WTI,2020-01-24 02:15:00,1->0,15.0,15.0
WTI,2020-01-24 02:30:00,0->1,15.0,15.0
WTI,2020-01-24 09:45:00,1->0,15.0,15.0
WTI,2020-01-24 10:00:00,0->1,15.0,15.0
WTI,2020-01-24 10:30:00,1->0,15.0,15.0
WTI,2020-01-24 10:45:00,0->1,15.0,15.0
WTI,2020-01-24 11:00:00,1->0,15.0,15.0
WTI,2020-01-24 18:15:00,0->1,15.0,15.0
WTI,2020-01-24 18:45:00,1->0,15.0,15.0
WTI,2020-01-24 19:00:00,0->1,15.0,15.0
WTI,2020-01-24 19:15:00,1->0,15.0,15.0
WTI,2020-01-24 19:30:00,0->1,15.0,15.0
WTI,2020-01-24 21:00:00,1->0,15.0,15.0
WTI,2020-01-24 21:15:00,0->1,15.0,15.0
WTI,2020-01-24 22:45:00,1->0,15.0,15.0
WTI,2020-01-24 23:00:00,0->1,15.0,15.0
WTI,2020-01-25 00:30:00,1->0,15.0,15.0
WTI,2020-01-25 00:45:00,0->1,15.0,15.0
WTI,2020-01-25 01:30:00,1->0,15.0,15.0
WTI,2020-01-25 02:00:00,0->1,15.0,15.0
WTI,2020-01-25 02:30:00,1->0,15.0,15.0
WTI,2020-01-25 02:45:00,0->1,15.0,15.0
WTI,2020-01-25 03:00:00,1->0,15.0,15.0
WTI,2020-01-25 03:15:00,0->1,15.0,15.0
WTI,2020-01-25 06:00:00,1->0,15.0,15.0
WTI,2020-01-25 07:00:00,0->1,15.0,15.0
WTI,2020-01-25 07:30:00,1->0,15.0,15.0
WTI,2020-01-25 08:00:00,0->1,15.0,15.0
WTI,2020-01-25 08:30:00,1->0,15.0,15.0
WTI,2020-01-25 09:00:00,0->1,15.0,15.0
WTI,2020-01-25 09:15:00,1->0,15.0,15.0
WTI,2020-01-25 09:45:00,0->1,15.0,15.0
WTI,2020-01-25 10:30:00,1->0,15.0,15.0
WTI,2020-01-25 11:00:00,0->1,15.0,15.0
WTI,2020-01-25 11:15:00,1->0,15.0,15.0
WTI,2020-01-25 17:45:00,0->1,15.0,15.0
WTI,2020-01-25 18:00:00,1->0,15.0,15.0
WTI,2020-01-25 18:30:00,0->1,15.0,15.0
WTI,2020-01-25 19:00:00,1->0,15.0,15.0
WTI,2020-01-25 19:15:00,0->1,15.0,15.0
WTI,2020-01-25 19:30:00,1->0,15.0,15.0
WTI,2020-01-25 20:00:00,0->1,15.0,15.0
WTI,2020-01-25 20:45:00,1->0,15.0,15.0
WTI,2020-01-25 21:00:00,0->1,15.0,15.0
WTI,2020-01-25 22:00:00,1->0,15.0,15.0
WTI,2020-01-25 22:30:00,0->1,15.0,15.0
WTI,2020-01-26 01:00:00,1->0,15.0,15.0
WTI,2020-01-26 01:30:00,0->1,15.0,15.0
WTI,2020-01-26 02:00:00,1->0,15.0,15.0
WTI,2020-01-26 02:15:00,0->1,15.0,15.0
WTI,2020-01-26 05:00:00,1->0,15.0,15.0
WTI,2020-01-26 05:15:00,0->1,15.0,15.0
WTI,2020-01-26 07:00:00,1->0,15.0,15.0
WTI,2020-01-26 07:15:00,0->1,15.0,15.0
WTI,2020-01-26 10:00:00,1->0,15.0,15.0
WTI,2020-01-26 10:15:00,0->1,15.0,15.0
WTI,2020-01-26 11:00:00,1->0,15.0,15.0
WTI,2020-01-26 11:15:00,0->1,15.0,15.0
WTI,2020-01-26 11:30:00,1->0,15.0,15.0
WTI,2020-01-26 15:45:00,0->1,7.0,15.0
WTI,2020-01-26 17:30:00,1->0,15.0,15.0
WTI,2020-01-26 18:00:00,0->1,15.0,15.0
WTI,2020-01-26 21:30:00,1->0,15.0,15.0
WTI,2020-01-26 21:45:00,0->1,15.0,15.0
WTI,2020-01-27 04:30:00,1->0,15.0,15.0
WTI,2020-01-27 05:00:00,0->1,15.0,15.0
WTI,2020-01-27 13:15:00,1->0,15.0,15.0
WTI,2020-01-27 14:00:00,0->1,15.0,15.0
WTI,2020-01-27 14:15:00,1->0,15.0,15.0
WTI,2020-01-27 14:45:00,0->1,15.0,15.0
WTI,2020-01-27 15:30:00,1->0,15.0,15.0
WTI,2020-01-27 15:45:00,0->1,15.0,15.0
WTI,2020-01-27 16:30:00,1->0,15.0,15.0
WTI,2020-01-27 16:45:00,0->1,15.0,15.0
WTI,2020-01-28 00:30:00,1->0,15.0,15.0
WTI,2020-01-28 00:45:00,0->1,15.0,15.0
WTI,2020-01-28 10:30:00,1->0,15.0,15.0
WTI,2020-01-28 10:45:00,0->1,15.0,15.0
WTI,2020-01-28 11:30:00,1->0,15.0,15.0
WTI,2020-01-28 11:45:00,0->1,15.0,10.0
WTI,2020-01-28 12:00:00,1->0,5.0,3.0
WTI,2020-01-28 12:03:00,0->1,3.0,7.0
WTI,2020-01-28 12:10:00,1->0,7.0,7.0
WTI,2020-01-28 17:00:00,0->1,15.0,15.0
WTI,2020-01-28 17:15:00,1->0,15.0,15.0
WTI,2020-01-28 17:45:00,0->1,15.0,15.0
WTI,2020-01-28 19:15:00,1->0,15.0,15.0
WTI,2020-01-28 19:30:00,0->1,15.0,15.0
WTI,2020-01-28 20:45:00,1->0,15.0,15.0
WTI,2020-01-28 21:00:00,0->1,15.0,15.0
WTI,2020-01-28 22:15:00,1->0,15.0,15.0
WTI,2020-01-28 22:30:00,0->1,15.0,15.0
WTI,2020-01-28 23:15:00,1->0,15.0,15.0
WTI,2020-01-28 23:30:00,0->1,15.0,15.0
WTI,2020-01-29 00:00:00,1->0,15.0,15.0
WTI,2020-01-29 00:15:00,0->1,15.0,15.0
WTI,2020-01-29 00:45:00,1->0,15.0,15.0
WTI,2020-01-29 01:30:00,0->1,15.0,15.0
WTI,2020-01-29 02:15:00,1->0,15.0,15.0
WTI,2020-01-29 02:30:00,0->1,15.0,15.0
WTI,2020-01-29 03:00:00,1->0,15.0,15.0
WTI,2020-01-29 03:45:00,0->1,15.0,15.0
WTI,2020-01-29 05:00:00,1->0,15.0,15.0
WTI,2020-01-29 05:30:00,0->1,15.0,15.0
WTI,2020-01-29 06:00:00,1->0,15.0,15.0
WTI,2020-01-29 06:15:00,0->1,15.0,15.0
WTI,2020-01-29 11:45:00,1->0,15.0,15.0
WTI,2020-01-29 12:00:00,0->1,15.0,15.0
WTI,2020-01-29 13:33:00,1->0,7.0,12.0
WTI,2020-01-29 13:45:00,0->1,12.0,5.0
WTI,2020-01-29 14:45:00,1->0,15.0,15.0
WTI,2020-01-29 15:00:00,0->1,15.0,25.0
WTI,2020-01-29 15:25:00,1->0,25.0,5.0
WTI,2020-01-29 16:30:00,0->1,15.0,15.0
WTI,2020-01-29 17:00:00,1->0,15.0,15.0
WTI,2020-01-29 17:30:00,0->1,15.0,15.0
WTI,2020-01-29 17:45:00,1->0,15.0,15.0
WTI,2020-01-29 18:00:00,0->1,15.0,15.0
WTI,2020-01-29 19:30:00,1->0,15.0,15.0
WTI,2020-01-29 20:00:00,0->1,15.0,15.0
WTI,2020-01-29 21:15:00,1->0,15.0,15.0
WTI,2020-01-29 21:30:00,0->1,15.0,15.0
WTI,2020-01-29 22:00:00,1->0,15.0,15.0
WTI,2020-01-29 22:15:00,0->1,15.0,15.0
WTI,2020-01-29 23:00:00,1->0,15.0,15.0
WTI,2020-01-30 00:00:00,0->1,15.0,15.0
WTI,2020-01-30 01:00:00,1->0,15.0,15.0
WTI,2020-01-30 01:30:00,0->1,15.0,15.0
WTI,2020-01-30 02:15:00,1->0,15.0,15.0
WTI,2020-01-30 03:00:00,0->1,15.0,15.0
WTI,2020-01-30 03:45:00,1->0,15.0,15.0
WTI,2020-01-30 04:00:00,0->1,15.0,15.0
WTI,2020-01-30 04:15:00,1->0,15.0,15.0
WTI,2020-01-30 04:45:00,0->1,15.0,15.0
WTI,2020-01-30 05:00:00,1->0,15.0,15.0
WTI,2020-01-30 05:15:00,0->1,15.0,15.0
WTI,2020-01-30 05:45:00,1->0,15.0,15.0
WTI,2020-01-30 06:00:00,0->1,15.0,15.0
WTI,2020-01-30 07:15:00,1->0,15.0,15.0
WTI,2020-01-30 07:30:00,0->1,15.0,15.0
WTI,2020-01-30 08:45:00,1->0,15.0,15.0
WTI,2020-01-30 09:15:00,0->1,15.0,15.0
WTI,2020-01-30 09:30:00,1->0,15.0,15.0
WTI,2020-01-30 09:45:00,0->1,15.0,15.0
WTI,2020-01-30 10:00:00,1->0,15.0,15.0
WTI,2020-01-30 10:15:00,0->1,15.0,9.0
WTI,2020-01-30 10:24:00,1->0,9.0,6.0
WTI,2020-01-30 10:45:00,0->1,15.0,16.0
WTI,2020-01-30 11:01:00,1->0,16.0,14.0
WTI,2020-01-30 14:30:00,0->1,15.0,15.0
WTI,2020-01-30 14:45:00,1->0,15.0,15.0
WTI,2020-01-30 15:04:00,0->1,4.0,9.0
WTI,2020-01-30 16:02:00,1->0,2.0,8.0
WTI,2020-01-30 16:10:00,0->1,8.0,5.0
WTI,2020-01-30 16:30:00,1->0,15.0,15.0
WTI,2020-01-30 16:45:00,0->1,15.0,15.0
WTI,2020-01-30 17:45:00,1->0,15.0,15.0
WTI,2020-01-30 18:00:00,0->1,15.0,15.0
WTI,2020-01-30 19:00:00,1->0,15.0,15.0
WTI,2020-01-30 19:15:00,0->1,15.0,15.0
WTI,2020-01-30 21:00:00,1->0,15.0,15.0
WTI,2020-01-30 21:15:00,0->1,15.0,15.0
WTI,2020-01-31 02:00:00,1->0,15.0,15.0
WTI,2020-01-31 02:15:00,0->1,15.0,15.0
WTI,2020-01-31 02:30:00,1->0,15.0,15.0
WTI,2020-01-31 02:45:00,0->1,15.0,15.0
WTI,2020-01-31 05:45:00,1->0,15.0,15.0
WTI,2020-01-31 06:00:00,0->1,15.0,15.0
WTI,2020-01-31 07:30:00,1->0,15.0,15.0
WTI,2020-01-31 07:45:00,0->1,15.0,15.0
WTI,2020-01-31 11:45:00,1->0,15.0,11.0
WTI,2020-01-31 11:56:00,0->1,11.0,14.0
WTI,2020-01-31 13:00:00,1->0,15.0,15.0
WTI,2020-01-31 13:30:00,0->1,15.0,15.0
WTI,2020-01-31 14:30:00,1->0,15.0,15.0
WTI,2020-01-31 14:45:00,0->1,15.0,15.0
WTI,2020-01-31 15:30:00,1->0,15.0,15.0
WTI,2020-01-31 15:45:00,0->1,15.0,15.0
WTI,2020-01-31 16:30:00,1->0,1.0,1.0
WTI,2020-01-31 16:31:00,0->1,1.0,14.0
WTI,2020-01-31 22:15:00,1->0,15.0,15.0
WTI,2020-01-31 22:30:00,0->1,15.0,15.0
WTI,2020-02-01 11:18:00,1->0,3.0,11.0
WTI,2020-02-01 11:29:00,0->1,11.0,1.0
WTI,2020-02-01 12:15:00,1->0,15.0,15.0
WTI,2020-02-01 12:30:00,0->1,15.0,15.0
WTI,2020-02-01 13:15:00,1->0,15.0,15.0
WTI,2020-02-01 13:30:00,0->1,15.0,15.0
WTI,2020-02-01 14:00:00,1->0,15.0,15.0
WTI,2020-02-01 14:30:00,0->1,15.0,15.0
WTI,2020-02-01 15:00:00,1->0,15.0,15.0
WTI,2020-02-01 16:00:00,0->1,15.0,15.0
WTI,2020-02-01 17:00:00,1->0,15.0,15.0
WTI,2020-02-01 17:15:00,0->1,15.0,15.0
WTI,2020-02-01 19:45:00,1->0,15.0,15.0
WTI,2020-02-01 20:00:00,0->1,15.0,15.0
WTI,2020-02-02 03:30:00,1->0,15.0,15.0
WTI,2020-02-02 04:00:00,0->1,15.0,15.0
WTI,2020-02-02 07:45:00,1->0,15.0,15.0
WTI,2020-02-02 08:00:00,0->1,15.0,15.0
WTI,2020-02-02 12:00:00,1->0,11.0,15.0
WTI,2020-02-02 12:15:00,0->1,15.0,15.0
WTI,2020-02-02 13:00:00,1->0,15.0,15.0
WTI,2020-02-02 13:15:00,0->1,15.0,15.0
WTI,2020-02-02 13:30:00,1->0,15.0,15.0
WTI,2020-02-02 13:45:00,0->1,15.0,1665.0
WTI,2020-02-03 23:45:00,1->0,15.0,15.0
WTI,2020-02-04 00:00:00,0->1,15.0,15.0
WTI,2020-02-04 02:00:00,1->0,15.0,15.0
WTI,2020-02-04 02:15:00,0->1,15.0,15.0
WTI,2020-02-04 07:15:00,1->0,15.0,15.0
WTI,2020-02-04 07:45:00,0->1,15.0,15.0
WTI,2020-02-04 12:15:00,1->0,10.0,15.0
WTI,2020-02-04 12:30:00,0->1,15.0,15.0
WTI,2020-02-04 13:00:00,1->0,15.0,15.0
WTI,2020-02-04 13:15:00,0->1,15.0,15.0
WTI,2020-02-04 15:15:00,1->0,15.0,15.0
WTI,2020-02-04 15:30:00,0->1,15.0,15.0
WTI,2020-02-05 09:00:00,1->0,15.0,15.0
WTI,2020-02-05 09:15:00,0->1,15.0,15.0
WTI,2020-02-05 11:14:00,1->0,14.0,4.0
WTI,2020-02-05 15:45:00,0->1,15.0,15.0
WTI,2020-02-05 16:15:00,1->0,15.0,15.0
WTI,2020-02-05 16:30:00,0->1,15.0,15.0
WTI,2020-02-05 16:49:00,1->0,4.0,11.0
WTI,2020-02-05 17:00:00,0->1,11.0,15.0
WTI,2020-02-05 17:30:00,1->0,15.0,15.0
WTI,2020-02-05 17:45:00,0->1,15.0,15.0
WTI,2020-02-05 19:30:00,1->0,15.0,15.0
WTI,2020-02-05 19:45:00,0->1,15.0,15.0
WTI,2020-02-05 20:15:00,1->0,15.0,15.0
WTI,2020-02-05 20:30:00,0->1,15.0,15.0
WTI,2020-02-06 00:00:00,1->0,15.0,15.0
WTI,2020-02-06 00:15:00,0->1,15.0,15.0
WTI,2020-02-06 01:00:00,1->0,15.0,15.0
WTI,2020-02-06 01:15:00,0->1,15.0,15.0
WTI,2020-02-06 02:45:00,1->0,15.0,15.0
WTI,2020-02-06 03:00:00,0->1,15.0,15.0
WTI,2020-02-06 05:00:00,1->0,15.0,15.0
WTI,2020-02-06 05:15:00,0->1,15.0,15.0
WTI,2020-02-06 09:30:00,1->0,15.0,15.0
WTI,2020-02-06 09:45:00,0->1,15.0,15.0
WTI,2020-02-06 13:00:00,1->0,15.0,15.0
WTI,2020-02-06 14:15:00,0->1,15.0,15.0
WTI,2020-02-06 15:15:00,1->0,15.0,15.0
WTI,2020-02-06 16:00:00,0->1,15.0,15.0
WTI,2020-02-06 16:30:00,1->0,15.0,15.0
WTI,2020-02-06 16:45:00,0->1,15.0,8.0
WTI,2020-02-06 22:45:00,1->0,15.0,15.0
WTI,2020-02-06 23:00:00,0->1,15.0,15.0
WTI,2020-02-06 23:15:00,1->0,15.0,15.0
WTI,2020-02-06 23:30:00,0->1,15.0,15.0
WTI,2020-02-07 04:45:00,1->0,15.0,15.0
WTI,2020-02-07 05:00:00,0->1,15.0,15.0
WTI,2020-02-07 08:00:00,1->0,15.0,15.0
WTI,2020-02-07 08:15:00,0->1,15.0,15.0
WTI,2020-02-07 10:43:00,1->0,13.0,2.0
WTI,2020-02-07 10:45:00,0->1,2.0,15.0
WTI,2020-02-07 13:00:00,1->0,15.0,15.0
WTI,2020-02-07 13:15:00,0->1,15.0,15.0
WTI,2020-02-07 19:30:00,1->0,15.0,15.0
WTI,2020-02-07 19:45:00,0->1,15.0,15.0
WTI,2020-02-07 22:45:00,1->0,15.0,15.0
WTI,2020-02-07 23:00:00,0->1,15.0,15.0
WTI,2020-02-08 05:00:00,1->0,15.0,15.0
WTI,2020-02-08 05:15:00,0->1,15.0,15.0
WTI,2020-02-08 11:06:00,1->0,1.0,9.0
WTI,2020-02-08 11:27:00,0->1,12.0,20.0
WTI,2020-02-08 12:30:00,1->0,15.0,15.0
WTI,2020-02-08 13:00:00,0->1,15.0,19.0
WTI,2020-02-08 13:19:00,1->0,19.0,6.0
WTI,2020-02-08 13:25:00,0->1,6.0,5.0
WTI,2020-02-08 14:45:00,1->0,15.0,15.0
WTI,2020-02-08 15:00:00,0->1,15.0,15.0
WTI,2020-02-09 10:00:00,1->0,15.0,15.0
WTI,2020-02-09 10:15:00,0->1,15.0,15.0
WTI,2020-02-09 11:15:00,1->0,7.0,15.0
WTI,2020-02-09 11:30:00,0->1,15.0,15.0
WTI,2020-02-09 13:15:00,1->0,15.0,15.0
WTI,2020-02-09 13:30:00,0->1,15.0,15.0
WTI,2020-02-09 15:00:00,1->0,15.0,15.0
WTI,2020-02-09 15:15:00,0->1,15.0,15.0
WTI,2020-02-12 18:15:00,1->0,15.0,15.0
WTI,2020-02-12 18:30:00,0->1,15.0,15.0
WTI,2020-02-13 12:00:00,1->0,30.0,15.0
WTI,2020-02-13 12:15:00,0->1,15.0,16.0
WTI,2020-02-13 12:31:00,1->0,16.0,14.0
WTI,2020-02-13 12:45:00,0->1,14.0,15.0
WTI,2020-02-13 13:15:00,1->0,15.0,15.0
WTI,2020-02-13 14:15:00,0->1,15.0,15.0
WTI,2020-02-13 14:30:00,1->0,15.0,15.0
WTI,2020-02-13 14:45:00,0->1,15.0,15.0
WTI,2020-02-13 16:30:00,1->0,15.0,15.0
WTI,2020-02-13 17:11:00,0->1,11.0,1.0
WTI,2020-02-14 13:00:00,1->0,15.0,15.0
WTI,2020-02-14 13:15:00,0->1,15.0,15.0
WTI,2020-02-14 15:15:00,1->0,15.0,15.0
WTI,2020-02-14 15:30:00,0->1,15.0,15.0
WTI,2020-02-14 17:45:00,1->0,15.0,15.0
WTI,2020-02-14 18:00:00,0->1,15.0,15.0
WTI,2020-02-14 20:00:00,1->0,15.0,15.0
WTI,2020-02-14 20:15:00,0->1,15.0,15.0
WTI,2020-02-15 07:30:00,1->0,15.0,15.0
WTI,2020-02-15 07:45:00,0->1,15.0,15.0
WTI,2020-02-15 08:45:00,1->0,15.0,15.0
WTI,2020-02-15 09:00:00,0->1,15.0,15.0
WTI,2020-02-15 10:00:00,1->0,15.0,15.0
WTI,2020-02-15 10:15:00,0->1,15.0,15.0
WTI,2020-02-15 11:16:00,1->0,1.0,14.0
WTI,2020-02-15 11:30:00,0->1,14.0,15.0
WTI,2020-02-15 14:30:00,1->0,15.0,15.0
WTI,2020-02-15 14:45:00,0->1,15.0,15.0
WTI,2020-02-15 16:45:00,1->0,15.0,15.0
WTI,2020-02-15 17:00:00,0->1,15.0,15.0
WTI,2020-02-16 10:45:00,1->0,12.0,15.0
WTI,2020-02-16 11:00:00,0->1,15.0,14.0
WTI,2020-02-16 13:45:00,1->0,15.0,15.0
WTI,2020-02-16 14:00:00,0->1,15.0,13.0
WTI,2020-02-16 14:13:00,1->0,13.0,2.0
WTI,2020-02-16 14:15:00,0->1,2.0,15.0
WTI,2020-02-16 15:15:00,1->0,15.0,15.0
WTI,2020-02-16 15:30:00,0->1,15.0,15.0
WTI,2020-02-16 20:30:00,1->0,15.0,15.0
WTI,2020-02-16 20:45:00,0->1,15.0,15.0
WTI,2020-02-17 06:45:00,1->0,15.0,15.0
WTI,2020-02-17 07:00:00,0->1,15.0,15.0
WTI,2020-02-17 11:07:00,1->0,22.0,8.0
WTI,2020-02-17 11:15:00,0->1,8.0,15.0
WTI,2020-02-17 12:00:00,1->0,15.0,15.0
WTI,2020-02-17 12:15:00,0->1,15.0,15.0
WTI,2020-02-17 13:45:00,1->0,15.0,15.0
WTI,2020-02-17 14:00:00,0->1,15.0,15.0
WTI,2020-02-17 14:30:00,1->0,15.0,15.0
WTI,2020-02-17 14:45:00,0->1,15.0,15.0
WTI,2020-02-17 15:45:00,1->0,15.0,15.0
WTI,2020-02-17 16:00:00,0->1,15.0,15.0
WTI,2020-02-17 17:00:00,1->0,15.0,15.0
WTI,2020-02-17 17:15:00,0->1,15.0,15.0
WTI,2020-02-18 14:45:00,1->0,15.0,15.0
WTI,2020-02-18 15:00:00,0->1,15.0,15.0
WTI,2020-02-18 15:30:00,1->0,15.0,15.0
WTI,2020-02-18 15:45:00,0->1,15.0,15.0
WTI,2020-02-19 12:45:00,1->0,15.0,15.0
WTI,2020-02-19 13:00:00,0->1,15.0,15.0
WTI,2020-02-19 13:45:00,1->0,15.0,15.0
WTI,2020-02-19 14:00:00,0->1,15.0,15.0
WTI,2020-02-19 19:16:00,1->0,1.0,14.0
WTI,2020-02-19 19:30:00,0->1,14.0,15.0
WTI,2020-02-20 00:30:00,1->0,15.0,15.0
WTI,2020-02-20 00:45:00,0->1,15.0,15.0
WTI,2020-02-20 03:30:00,1->0,15.0,15.0
WTI,2020-02-20 03:45:00,0->1,15.0,15.0
WTI,2020-02-20 06:45:00,1->0,15.0,15.0
WTI,2020-02-20 07:00:00,0->1,15.0,15.0
WTI,2020-02-21 11:15:00,1->0,15.0,15.0
WTI,2020-02-21 11:30:00,0->1,15.0,15.0
WTI,2020-02-21 14:15:00,1->0,15.0,15.0
WTI,2020-02-21 14:30:00,0->1,15.0,15.0
WTI,2020-02-22 13:45:00,1->0,15.0,15.0
WTI,2020-02-22 14:00:00,0->1,15.0,15.0
WTI,2020-02-22 14:30:00,1->0,15.0,15.0
WTI,2020-02-22 14:45:00,0->1,15.0,15.0
WTI,2020-02-27 13:45:00,1->0,15.0,15.0
WTI,2020-02-27 14:15:00,0->1,15.0,15.0
WTI,2020-02-27 14:30:00,1->0,15.0,15.0
WTI,2020-02-27 15:00:00,0->1,15.0,15.0
WTI,2020-02-27 16:00:00,1->0,15.0,15.0
WTI,2020-02-27 16:15:00,0->1,15.0,15.0
WTI,2020-02-28 10:15:00,1->0,15.0,15.0
WTI,2020-02-28 10:30:00,0->1,15.0,15.0
WTI,2020-02-28 12:48:00,1->0,18.0,1.0
WTI,2020-02-28 12:49:00,0->1,1.0,11.0
WTI,2020-02-28 14:15:00,1->0,15.0,15.0
WTI,2020-02-28 14:30:00,0->1,15.0,15.0
WTI,2020-02-28 16:00:00,1->0,15.0,15.0
WTI,2020-02-28 16:15:00,0->1,15.0,15.0
WTI,2020-02-29 14:15:00,1->0,15.0,15.0
WTI,2020-02-29 14:30:00,0->1,15.0,15.0
WTI,2020-02-29 14:45:00,1->0,15.0,15.0
WTI,2020-02-29 15:00:00,0->1,15.0,15.0
WTI,2020-02-29 17:30:00,1->0,15.0,15.0
WTI,2020-02-29 17:45:00,0->1,15.0,15.0
WTI,2020-03-02 12:15:00,1->0,14.0,15.0
WTI,2020-03-02 12:30:00,0->1,15.0,15.0
WTI,2020-03-03 13:45:00,1->0,15.0,15.0
WTI,2020-03-03 14:00:00,0->1,15.0,15.0
WTI,2020-03-03 14:30:00,1->0,15.0,15.0
WTI,2020-03-03 14:45:00,0->1,15.0,15.0
WTI,2020-03-03 15:00:00,1->0,15.0,15.0
WTI,2020-03-03 15:45:00,0->1,15.0,15.0
WTI,2020-03-03 16:58:00,1->0,13.0,2.0
WTI,2020-03-03 17:00:00,0->1,2.0,15.0
WTI,2020-03-04 10:15:00,1->0,15.0,15.0
WTI,2020-03-04 10:30:00,0->1,15.0,15.0
WTI,2020-03-04 14:00:00,1->0,15.0,15.0
WTI,2020-03-04 14:15:00,0->1,15.0,15.0
WTI,2020-03-05 08:00:00,1->0,15.0,15.0
WTI,2020-03-05 08:15:00,0->1,15.0,15.0
WTI,2020-03-05 12:15:00,1->0,15.0,15.0
WTI,2020-03-05 12:30:00,0->1,15.0,15.0
WTI,2020-03-05 14:00:00,1->0,15.0,15.0
WTI,2020-03-05 14:15:00,0->1,15.0,15.0
WTI,2020-03-27 14:30:00,1->0,15.0,15.0
WTI,2020-03-27 14:45:00,0->1,15.0,15.0
