diagnostic,n_timestamps,share_of_timestamps_with_repeats,max_records_per_timestamp,verdict_supports_stable_occurrence_streams,note,n_conflicting_groups_with_neighbors,mean_fit_error_first_branch,mean_fit_error_last_branch,first_fits_better,column,n_values,p01,median,p99,dominant_decade_band,n_populated_decade_bands,n_contiguous_band_clusters
occurrence_report::CurrentVoltage.csv,18915.0,0.0231,2.0,False,"A constant multiplicity >= 2 at ~all timestamps would support reconstructing per-device occurrence streams. Observed shares are far below that, so occurrence-index device reconstruction is NOT supported by multiplicity structure.",,,,,,,,,,,,
occurrence_report::Overview.csv,19376.0,0.048,4.0,False,"A constant multiplicity >= 2 at ~all timestamps would support reconstructing per-device occurrence streams. Observed shares are far below that, so occurrence-index device reconstruction is NOT supported by multiplicity structure.",,,,,,,,,,,,
occurrence_report::Power.csv,18871.0,0.0232,2.0,False,"A constant multiplicity >= 2 at ~all timestamps would support reconstructing per-device occurrence streams. Observed shares are far below that, so occurrence-index device reconstruction is NOT supported by multiplicity structure.",,,,,,,,,,,,
occurrence_report::PowerFactor.csv,18877.0,0.0228,2.0,False,"A constant multiplicity >= 2 at ~all timestamps would support reconstructing per-device occurrence streams. Observed shares are far below that, so occurrence-index device reconstruction is NOT supported by multiplicity structure.",,,,,,,,,,,,
occurrence_report::TotalPower.csv,18842.0,0.0215,2.0,False,"A constant multiplicity >= 2 at ~all timestamps would support reconstructing per-device occurrence streams. Observed shares are far below that, so occurrence-index device reconstruction is NOT supported by multiplicity structure.",,,,,,,,,,,,
neighbor_continuity_fit::Overview,,,,,Near-equal fit errors mean branch ordering cannot identify a 'true' stream.,187.0,4.75,4.6,False,,,,,,,,
value_band_unimodality::VL1,,,,,More than one contiguous band cluster (empty gaps between) would hint at multiple voltage regimes (assets). Adjacent populated decades are one regime.,,,,,VL1,19349.0,220.1,242.7,256.3,240.0,5.0,1.0
value_band_unimodality::VL12,,,,,More than one contiguous band cluster (empty gaps between) would hint at multiple voltage regimes (assets). Adjacent populated decades are one regime.,,,,,VL12,17622.0,380.921,420.3,443.0,430.0,7.0,1.0
monthly_repeated_group_counts::Overview,,,,,2019-06:448; 2019-07:84; 2019-08:67; 2019-09:55; 2019-10:61; 2019-11:53; 2019-12:20; 2020-01:26; 2020-02:39; 2020-03:34; 2020-04:44,,,,,,,,,,,,
